{
  "version": "v0.1",
  "metrics": {
    "rmse": 53.85344583676593,
    "r2": 0.45260276297191937,
    "n_test": 89
  },
  "random_seed": 42
}